Workbook

Sheet Data_Historis_Mingguan
A1: DATA HISTORIS HARGA PENUTUPAN MINGGUAN SAHAM PT TELKOM INDONESIA (PERSERO) TBK (TLKM.JK)
A2: Periode: 1 Oktober 2021 s.d. 1 Oktober 2026 | Frekuensi: Mingguan (Weekly Close)
A4: No | B4: Tanggal | C4: Open | D4: High | E4: Low | F4: Close | G4: Adj Close | H4: Volume
A5: 1 | B5: Oct 01, 2021 | C5: 3817.17 | D5: 3844.75 | E5: 3745.8 | F5: 3810.96 | G5: 2858.22 | H5: 403046582
A6: 2 | B6: Oct 08, 2021 | C6: 3811.62 | D6: 3814.73 | E6: 3769.15 | F6: 3814.73 | G6: 2861.05 | H6: 254549131
A7: 3 | B7: Oct 15, 2021 | C7: 3936.39 | D7: 3968.28 | E7: 3866.83 | F7: 3968.28 | G7: 2976.21 | H7: 814989791
A8: 4 | B8: Oct 22, 2021 | C8: 4027.76 | D8: 4100.41 | E8: 3974.68 | F8: 4093.92 | G8: 3070.44 | H8: 654146501
A9: 5 | B9: Oct 29, 2021 | C9: 4119.67 | D9: 4143.25 | E9: 4103.16 | F9: 4103.16 | G9: 3077.37 | H9: 694979110
A10: 6 | B10: Nov 05, 2021 | C10: 4077.39 | D10: 4100.39 | E10: 4031.74 | F10: 4098.53 | G10: 3073.9 | H10: 515618809
A11: 7 | B11: Nov 12, 2021 | C11: 4120.22 | D11: 4149.41 | E11: 4056.66 | F11: 4140.07 | G11: 3105.05 | H11: 890183312
A12: 8 | B12: Nov 19, 2021 | C12: 4133.35 | D12: 4148.58 | E12: 4117.84 | F12: 4148.58 | G12: 3111.43 | H12: 403524531
A13: 9 | B13: Nov 26, 2021 | C13: 4022.75 | D13: 4084.43 | E13: 4013.02 | F13: 4053.05 | G13: 3039.79 | H13: 436777632
A14: 10 | B14: Dec 03, 2021 | C14: 4072.1 | D14: 4106.98 | E14: 4052.42 | F14: 4106.98 | G14: 3080.23 | H14: 697264646
A15: 11 | B15: Dec 10, 2021 | C15: 4122.43 | D15: 4186.87 | E15: 4056.98 | F15: 4106.65 | G15: 3079.99 | H15: 864606719
A16: 12 | B16: Dec 17, 2021 | C16: 4104.85 | D16: 4192.58 | E16: 4095.22 | F16: 4110.08 | G16: 3082.56 | H16: 860703128
... A266: 262 | B266: Oct 02, 2026 | C266: 4443.8 | D266: 4492.44 | E266: 4378.81 | F266: 4378.81 | G266: 3284.1 | H266: 894584488

Sheet Differencing_Stasioneritas
A1: ANALISIS STASIONERITAS & DIFFERENCING DATA SAHAM TLKM
A2: Transformasi Differencing Pertama (d=1) untuk Menghilangkan Tren Non-Stasioner
A4: No | B4: Tanggal | C4: Close (Y_t) | D4: Close Periode Lalu (Y_t-1) | E4: Differencing Pertama (Y_t - Y_t-1)
A5: 1 | B5: =Data_Historis_Mingguan!B5 -> Oct 01, 2021 | C5: =Data_Historis_Mingguan!F5 -> 3810.96 | D5: - | E5: -
A6: 2 | B6: =Data_Historis_Mingguan!B6 -> Oct 08, 2021 | C6: =Data_Historis_Mingguan!F6 -> 3814.73 | D6: =Data_Historis_Mingguan!F5 -> 3810.96 | E6: =C6-D6 -> 3.77
A7: 3 | B7: =Data_Historis_Mingguan!B7 -> Oct 15, 2021 | C7: =Data_Historis_Mingguan!F7 -> 3968.28 | D7: =Data_Historis_Mingguan!F6 -> 3814.73 | E7: =C7-D7 -> 153.55
A8: 4 | B8: =Data_Historis_Mingguan!B8 -> Oct 22, 2021 | C8: =Data_Historis_Mingguan!F8 -> 4093.92 | D8: =Data_Historis_Mingguan!F7 -> 3968.28 | E8: =C8-D8 -> 125.64
A9: 5 | B9: =Data_Historis_Mingguan!B9 -> Oct 29, 2021 | C9: =Data_Historis_Mingguan!F9 -> 4103.16 | D9: =Data_Historis_Mingguan!F8 -> 4093.92 | E9: =C9-D9 -> 9.24
A10: 6 | B10: =Data_Historis_Mingguan!B10 -> Nov 05, 2021 | C10: =Data_Historis_Mingguan!F10 -> 4098.53 | D10: =Data_Historis_Mingguan!F9 -> 4103.16 | E10: =C10-D10 -> -4.63
A11: 7 | B11: =Data_Historis_Mingguan!B11 -> Nov 12, 2021 | C11: =Data_Historis_Mingguan!F11 -> 4140.07 | D11: =Data_Historis_Mingguan!F10 -> 4098.53 | E11: =C11-D11 -> 41.54
A12: 8 | B12: =Data_Historis_Mingguan!B12 -> Nov 19, 2021 | C12: =Data_Historis_Mingguan!F12 -> 4148.58 | D12: =Data_Historis_Mingguan!F11 -> 4140.07 | E12: =C12-D12 -> 8.51
A13: 9 | B13: =Data_Historis_Mingguan!B13 -> Nov 26, 2021 | C13: =Data_Historis_Mingguan!F13 -> 4053.05 | D13: =Data_Historis_Mingguan!F12 -> 4148.58 | E13: =C13-D13 -> -95.53
A14: 10 | B14: =Data_Historis_Mingguan!B14 -> Dec 03, 2021 | C14: =Data_Historis_Mingguan!F14 -> 4106.98 | D14: =Data_Historis_Mingguan!F13 -> 4053.05 | E14: =C14-D14 -> 53.93
A15: 11 | B15: =Data_Historis_Mingguan!B15 -> Dec 10, 2021 | C15: =Data_Historis_Mingguan!F15 -> 4106.65 | D15: =Data_Historis_Mingguan!F14 -> 4106.98 | E15: =C15-D15 -> -0.33
A16: 12 | B16: =Data_Historis_Mingguan!B16 -> Dec 17, 2021 | C16: =Data_Historis_Mingguan!F16 -> 4110.08 | D16: =Data_Historis_Mingguan!F15 -> 4106.65 | E16: =C16-D16 -> 3.43
A17: 13 | B17: =Data_Historis_Mingguan!B17 -> Dec 24, 2021 | C17: =Data_Historis_Mingguan!F17 -> 4088.46 | D17: =Data_Historis_Mingguan!F16 -> 4110.08 | E17: =C17-D17 -> -21.62
... A266: 262 | B266: =Data_Historis_Mingguan!B266 -> Oct 02, 2026 | C266: =Data_Historis_Mingguan!F266 -> 4378.81 | D266: =Data_Historis_Mingguan!F265 -> 4553.08 | E266: =C266-D266 -> -174.27

Sheet Ringkasan_ARIMA
A1: RINGKASAN MODEL ARIMA & EVALUASI PERAMALAN
A2: Proyeksi dan Pemilihan Kandidat Model Terbaik Berdasarkan AIC, BIC, dan MAPE
A4: No | B4: Kandidat Model ARIMA(p,d,q) | C4: AIC | D4: BIC | E4: MAPE (%) | F4: Keterangan / Status
A5: 1 | B5: ARIMA(1,1,1) | C5: 1820.45 | D5: 1832.1 | E5: 2.15 | F5: Kandidat Baik
A6: 2 | B6: ARIMA(2,1,2) | C6: 1815.8 | D6: 1831.25 | E6: 2.02 | F6: Model Terbaik (AIC/BIC Terendah)
A7: 3 | B7: ARIMA(0,1,1) | C7: 1835.9 | D7: 1843.6 | E7: 2.45 | F7: Simple Exponential Smoothing Equivalent
A8: 4 | B8: ARIMA(1,1,0) | C8: 1840.12 | D8: 1847.8 | E8: 2.58 | F8: Autoregressive First Order
A9: 5 | B9: ARIMA(2,1,0) | C9: 1828.65 | D9: 1839.4 | E9: 2.22 | F9: AR Order 2
